text,label
https://www.reddit.com/r/soccer/comments/1uchv9p/germanys_nico_schlotterbeck_is_out_of_the_world/,news
https://www.reddit.com/r/soccer/comments/1ucbuqb/mbapp%C3%A9_my_thoughts_on_hydration_breaks_dont_ask/,reaction
https://www.reddit.com/r/soccer/comments/1uckrzm/di_marzio_citychelsea_deal_a_verbal_agreement_has/,news
https://www.reddit.com/r/soccer/comments/1uc8z1w/egypts_31_win_over_new_zealand_is_their_firstever/,analysis
https://www.reddit.com/r/soccer/comments/1uc6gfy/bbc_sport_bbc_crossed_live_to_cape_verde_at_the/,reaction
https://www.reddit.com/r/soccer/comments/1ud4556/norway_players_and_fans_doing_viking_row/,reaction
https://www.reddit.com/r/soccer/comments/1ucxojo/zlatan_ibrahimovi%C4%87_on_messis_world_cup_five_goals/,reaction
https://www.reddit.com/r/soccer/comments/1ud64wk/erling_haaland_i_couldnt_care_too_much_about/,reaction
https://www.reddit.com/r/soccer/comments/1udboz9/fabrizio_romano_endrick_ancelotti_wont_do_whats/,news
https://www.reddit.com/r/soccer/comments/1udf0wf/diarioas_enzo_fern%C3%A1ndez_is_the_chosen_one_for_the/,news
https://www.reddit.com/r/soccer/comments/1ud43jd/bbc_following_the_32_win_over_senegal_norway/,analysis
https://www.reddit.com/r/soccer/comments/1ud7qgp/bbc_with_the_21_loss_to_algeria_jordan_are/,analysis
https://www.reddit.com/r/soccer/comments/1udg4kr/sky_sports_real_madrid_will_activate_their/,news
https://www.reddit.com/r/soccer/comments/1udeeda/wc2026_day_12_all_goals_with_scoring_nation/,reaction
https://www.reddit.com/r/soccer/comments/1udbvyo/a_ligue_2_player_had_an_accident_when_swimming_in/,news
https://www.reddit.com/r/soccer/comments/1ud4k0x/fifa_teams_qualified_for_fifawc_ro32/,analysis
https://www.reddit.com/r/soccer/comments/1uctmpl/argentina_fan_in_the_stands_today/,news
https://www.reddit.com/r/soccer/comments/1ud08ze/marca_atletico_madrid_statement_there_is_no/,news
https://www.reddit.com/r/soccer/comments/1uddh0w/fulham_finalising_deal_to_appoint_alvaro_arbeloa/,news
https://www.reddit.com/r/soccer/comments/1ucrdmx/lionel_messi_becomes_the_all_time_leading/,analysis
https://www.reddit.com/r/soccer/comments/1udejp6/carlos_monfort_bar%C3%A7a_are_preparing_a_130m_bid_for/,news
https://www.reddit.com/r/soccer/comments/1uderxo/cies_oldest_outfield_players_linedup_fifa_world/,analysis
https://www.reddit.com/r/soccer/comments/1udk0lp/dr_congo_superfan_lumumba_finally_arrives_at_the/,news
https://www.reddit.com/r/soccer/comments/1udegyf/an_economist_predicted_that_the_winner_of_sundays/,analysis
https://www.reddit.com/r/soccer/comments/1ud033e/france_vs_iraq_match_suspended_due_to_inclement/,news
https://www.reddit.com/r/soccer/comments/1ud9qg3/world_cup_2026_messi_mbappe_haaland_and_kane_in/,analysis
https://www.reddit.com/r/soccer/comments/1udhn89/ss_lazio_appoint_gennaro_gattuso_as_team_manager/,news
https://www.reddit.com/r/soccer/comments/1uczrep/as_atl%C3%A9tico_madrid_will_report_barcelona_over/,news
https://www.reddit.com/r/soccer/comments/1udd4ni/football_italia_ashley_cole_expected_to_leave/,news
https://www.reddit.com/r/soccer/comments/1udjl2t/espn_aston_villa_offers_9_million_for_flamengos/,news
https://www.reddit.com/r/soccer/comments/1ucuzt4/the_athletic_lionel_messi_improbably_still_as/,hot_take
https://www.reddit.com/r/soccer/comments/1ud32cq/per_fifa_media_thursdays_mexicosouth_korea_match/,analysis
https://www.reddit.com/r/soccer/comments/1ucsekh/memo_ochoa_to_start_for_mexico_in_world_cup_clash/,news
https://www.reddit.com/r/soccer/comments/1udekql/world_cup_2026_group_j_outcome_table/,hot_take
https://www.reddit.com/r/soccer/comments/1udj0xb/didier_deschamps_has_now_matched_helmut_sch%C3%B6ns/,analysis
https://www.reddit.com/r/soccer/comments/1ucynlu/messi_obviously_i_am_happy_with_the_win_it_was_a/,reaction
https://www.reddit.com/r/soccer/comments/1udeete/rade_bogdanovi%C4%87_i_sincerely_apologise_for_my/,news
https://www.reddit.com/r/soccer/comments/1ud42d8/post_match_thread_norway_3_2_senegal_fifa_world/,reaction
https://www.reddit.com/r/soccer/comments/1ude7pk/world_cup_2026_group_i_outcome_chart/,hot_take
https://www.reddit.com/r/soccer/comments/1ud5dc3/jordan_vs_algeria_in_the_2026_fifa_world_cup_is/,analysis
https://www.reddit.com/r/soccer/comments/1ud7jgd/algeria_2nd_goal_var_onside_decision/,reaction
https://www.reddit.com/r/soccer/comments/1ud4hn0/iconic_brazilian_football_commentator_galv%C3%A3o/,analysis
https://www.reddit.com/r/soccer/comments/1ud94mk/fixed_which_national_team_has_to_fly_the_most_to/,analysis
https://www.reddit.com/r/soccer/comments/1udby2k/49_millions_viewers_on_m6_fta_broadcaster_in/,analysis
https://www.reddit.com/r/soccer/comments/1ud7lgm/algerias_2nd_goal_is_deemed_onside_by_video/,reaction
https://www.reddit.com/r/soccer/comments/1uctngc/post_match_thread_argentina_2_0_austria_fifa/,reaction
https://www.reddit.com/r/soccer/comments/1udhjav/fifa_fan_festival_atlanta_welcomes_the_most_fans/,analysis
https://www.reddit.com/r/soccer/comments/1uczvp6/mbapp%C3%A9_gets_nutmegged_then_instantly_nutmegs/,reaction
https://www.reddit.com/r/soccer/comments/1uck04i/cape_verde_celebrates_well_into_the_early_morning/,reaction
https://www.reddit.com/r/soccer/comments/1ucx2hl/kylian_mbapp%C3%A9_makes_his_100th_cap_for_france_the/,analysis
https://www.reddit.com/r/soccer/comments/1udka5c/obscure_world_cup_stats_by_misterchip/,analysis
https://www.reddit.com/r/soccer/comments/1ud2h4c/post_match_thread_france_3_0_iraq_fifa_world_cup/,reaction
https://www.reddit.com/r/soccer/comments/1ud67xe/thomas_tuchel_urges_england_to_improve_defence/,news
https://www.reddit.com/r/soccer/comments/1uco3s3/absolutely_love_him_wayne_rooney_goes_crazy_for/,reaction
https://www.reddit.com/r/soccer/comments/1ucps6c/tom_collomosse_aston_villa_are_determined_to/,news
https://www.reddit.com/r/soccer/comments/1ucgu3v/a_larger_world_cup_had_some_worrying_the/,analysis
https://www.reddit.com/r/soccer/comments/1uc5hyh/scenes_after_full_time_whistle_as_the_match/,reaction
https://www.reddit.com/r/soccer/comments/1ucpvty/world_cup_concessions_75_caviartopped_tots_in/,hot_take
https://www.reddit.com/r/soccer/comments/1ucfdfb/egyptians_on_the_street_of_egypt_at_600am_this/,reaction
https://www.reddit.com/r/soccer/comments/1ud5bf4/daily_discussion/,hot_take
https://www.reddit.com/r/soccer/comments/1ucjsyp/world_cup_2026_group_h_outcome_chart_assuming_4/,hot_take
https://www.reddit.com/r/soccer/comments/1ucv2is/following_the_success_of_the_bus_a_french/,reaction
https://www.reddit.com/r/soccer/comments/1uc4wuh/uruguay_offside_review_x_cape_verde/,hot_take
https://www.reddit.com/r/soccer/comments/1uckzva/20_years_ago_today_in_a_croatia_vs_australia_wc/,analysis
https://www.reddit.com/r/soccer/comments/1ucfm0g/pete_hall_tottenham_hotspur_are_set_to_open_talks/,news
https://www.reddit.com/r/soccer/comments/1ubrky9/australian_midfielder_jackson_irvine_on_new_red/,reaction
https://www.reddit.com/r/soccer/comments/1ucfslv/on_this_day_20_years_ago_josip_%C5%A1imuni%C4%87_became_the/,analysis
https://www.reddit.com/r/soccer/comments/1ucktjj/record_amorim_wants_pedro_gon%C3%A7alves_pote_at_ac/,news
https://www.reddit.com/r/soccer/comments/1ubyx0u/mehdi_taremi_disallowed_goal_against_belgium_25/,hot_take
https://www.reddit.com/r/soccer/comments/1uc1cij/optastats_23_belgium_had_23_shots_vs_ir_iran/,analysis
https://www.reddit.com/r/soccer/comments/1ucg83v/malaga_cf_have_spent_only_380k_on_permanent/,analysis
https://www.reddit.com/r/soccer/comments/1uciil4/world_cup_2026_group_g_outcome_chart_assuming_4/,hot_take
https://www.reddit.com/r/soccer/comments/1ucfbsh/youngest_goalscorers_in_fifa_world_cup_history/,analysis
https://www.reddit.com/r/soccer/comments/1uby7cz/norwegian_chess_legend_magnus_carlsen_we_went_to/,reaction
https://www.reddit.com/r/soccer/comments/1uc4hva/fotmob_at_40_years_and_5_days_muslera_and_his/,analysis
https://www.reddit.com/r/soccer/comments/1ucg1or/moretto_alejandro_grimaldo_is_one_step_away_from/,news
https://www.reddit.com/r/soccer/comments/1uc14u9/squawka_the_2026_world_cup_has_already_produced/,analysis
https://www.reddit.com/r/soccer/comments/1uc8vdf/crocombe_save_against_egypt_93/,reaction
https://www.reddit.com/r/soccer/comments/1uc4mk2/uruguay_disallowed_goal_against_0_cape_verde_68/,reaction
https://www.reddit.com/r/soccer/comments/1ucfh8f/map_of_the_serie_a_20262027_clubs/,analysis
https://www.reddit.com/r/soccer/comments/1ubup8j/the_telegraph_iran_coach_accuses_world_cup/,reaction
https://www.reddit.com/r/soccer/comments/1ucgfpm/fotmob_match_statistics_from_netherlands_51_sweden/,analysis
https://www.reddit.com/r/soccer/comments/1ucg0e2/some_us_players_believe_they_can_win_the_world/,hot_take
https://www.reddit.com/r/soccer/comments/1uccajn/spains_head_coach_luis_de_la_fuente_rodrigo_is/,hot_take
https://www.reddit.com/r/soccer/comments/1ucjjft/the_hotspot_aramcos_petrodollar_backing_of_world/,hot_take
https://www.reddit.com/r/soccer/comments/1uc3f4r/on_this_day_40_years_ago_diego_maradona_scored/,analysis
https://www.reddit.com/r/soccer/comments/1ubqw5e/xavi_he_is_the_michael_jordan_of_football_in/,hot_take
https://www.reddit.com/r/soccer/comments/1uc6f5e/which_religious_linguistic_political_and_regional/,hot_take
https://www.reddit.com/r/soccer/comments/1ucfkos/do_the_new_world_cup_tiebreaker_rules_make_the/,hot_take
https://www.reddit.com/r/soccer/comments/1ubdpyx/espn_fc_history_for_cura%C3%A7ao_as_they_earn_their/,analysis
https://www.reddit.com/r/soccer/comments/1ucam6d/enzo_fern%C3%A1ndez_on_the_comparison_between_the/,reaction
https://www.reddit.com/r/soccer/comments/1ubownc/telegraph_lamine_yamal_is_still_only_18_but_he_is/,hot_take
https://www.reddit.com/r/soccer/comments/1ubzz44/sofascore_almost_perfect_pau_cubars%C3%ADs_passing/,analysis
https://www.reddit.com/r/soccer/comments/1uc2ki1/fifa_alireza_beiranvand_named_player_of_the_match/,analysis
https://www.reddit.com/r/soccer/comments/1ucdpgl/talksport_fulham_star_alex_iwobi_admits_players/,news
https://www.reddit.com/r/soccer/comments/1ubuimx/mcgrath_telegraph_j%C3%BCrgen_klopp_is_embroiled_in_a/,reaction
https://www.reddit.com/r/soccer/comments/1ubiacz/tunisia_out_of_the_2026_world_cup/,reaction
https://www.reddit.com/r/soccer/comments/1ubdsrt/15_cura%C3%A7aos_eloy_room_recorded_15_saves_against/,analysis
https://www.reddit.com/r/soccer/comments/1ubi08o/jeremy_doku_wants_to_be_there_for_the_birth_of/,hot_take
https://www.reddit.com/r/soccer/comments/1uca7bj/daily_discussion/,hot_take
